{
    "datas": [
        {"wallet": "LQADzCMcSccK5dLchCcwLkUUqGhfVL7kho"},
        {"wallet": " LhNZpxEs9ZDUKTMo5oWkJ3hUwtL5BanVAZ"},
        {"wallet": " LiTUcipF5ahKJx4bQWtJsmjU1A8Ko6ddU4"},
        {"wallet": " LSPCoB7md6eKN85WEKSbZpq5PaAAf4M6rM"},
        {"wallet": " LgXFx62oPC5wFib6X8J5viGoY1J6RPKRc7"},
        {"wallet": " LY47TbUeT8yjxqZsvommRoH5zDuKoieFRM"},
        {"wallet": " LaTQvDb7nxqLPC65fux3LphYTmqXBYDt8h"},
        {"wallet": " LLQyBX5KSukBPeX6rzyDKqm1W8SBGNQ1gy"},
        {"wallet": " LM4G2Hy4sLHDHvPnbgKnqaj5e9vX8nZzRz"},
        {"wallet": " LiHrgnLadzFvMBKtm47QJvW9FAzTX6GDDC"},
        {"wallet": " Lf3MKDFX1CYXmC28HoWXEE7agYndYcY39C"},
        {"wallet": " LeFBKXREBbcDaUaxcz6PCun4x9GgutP9kL"},
        {"wallet": " LQYDiSiW1hMuU4AP6DySP9XDG3iXzhju5d"},
        {"wallet": " LPnitFrQEJ3eQGS9p8nZhQyFa2GgqwZTze"},
        {"wallet": " LPEtqtCf4cL7JBTtK2GL2bP4sXgBoXb9kT"},
        {"wallet": " LXg1joTySyKwvpJDNq9fy5ErJXNkemu6cR"},
        {"wallet": " LUsgkwvYywGsd6VyB3RUXzAsAgUEnzZ7me"},
        {"wallet": " LeR4quLMV8jWJ1WoTLZkCdsyojzLdirjRd"},
        {"wallet": " LWa4BT6C5dEQyuC2AASrXTzBRUtchRcE2c"},
        {"wallet": " LW2L3qn6FqDzppTt3PRLZuj5ocqBB8N5Ro"},
        {"wallet": " LRxHwLUh46Ncnr2RH6NDoPNi62SfUTiMXo"},
        {"wallet": " LdAjZFwEvZtLAvZwtmdXzrieqggMxqKuKk"},
        {"wallet": " LUbdHeNCTB1hq8dBhenX2393ufEkJa57Av"},
        {"wallet": " LNQfNeJZ8XpTqixrx3aodPeXEpJndQ9WTD"},
        {"wallet": " Lcv3qnyhTvHk4Xs4X6NeQHVJ45pF1ZFrUe"},
        {"wallet": " LS9numEM9yWxfKZZ7HZM4Fu8dxiRSmnoLo"},
        {"wallet": " Lgus6eJqbHAUaKFprL9eMN2T3qHn5YBG8Z"},
        {"wallet": " LPANqyqBe9EfT12gsXuzXxzcgJ8firUidR"},
        {"wallet": " LUPCQK46gtkimiifwVTNLoXrfruxvNewUt"},
        {"wallet": " Lbhn5u9xWMb19KgbnEWkKwHAry31JhtxwZ"},
        {"wallet": " LczTzVTgFPkEnDTRTKC1mQWFUsXUq2N1HE"},
        {"wallet": " LRPRvtGo85RiqKC4aohdeLXeoUe3NRZNow"},
        {"wallet": " Lhx8eBsFG12vf7M4yzuwfeCwy5QvDrVfa5"},
        {"wallet": " LdF3yfX4yYnPp9R59J5t29Ahg33CSrHYQe"},
        {"wallet": " Li5gCTqZrkdT49vYqbwMuxsieFiPZb8xWg"},
        {"wallet": " LW6RpZj5EFpqJo8seR75nE3gnGTw1q3gS8"},
        {"wallet": " Ld5CJBtskFBdjEkWtxwowVDzVWByVZTVCZ"},
        {"wallet": " LR53TR5DSDzPohgc7UJkKNWcxwPsnQuUcr"},
        {"wallet": " LMD62Aip7MRqFrb8GU91rkS7bZpu3yweYn"},
        {"wallet": " LegXYbA5mZ7WTDYdG8wCvXvNgDGUexdcNR"},
        {"wallet": " LiPm5tBfHxYgayRoqK2CkskqwpFdvd19Qq"},
        {"wallet": " LagqeJzZraYMgLUypJCS4ntXGAfVSafeCb"},
        {"wallet": " LMwNPktwTyTjTU99TtqzmVeX4Qop8hrJQu"},
        {"wallet": " LL8WG1s9VfUKJN5Sh9gzN7hQL6cdXuK4eB"},
        {"wallet": " LbKS127q4G2AwNFSoJxn2jsz9koWzD1kua"},
        {"wallet": " LMVbrRBwAANDYBJDB5GdiSAhbBXM5hGhKn"},
        {"wallet": " LZ5zdxiqbkJDKn8UzZU6ZAWTgrSuEjnBqt"},
        {"wallet": " LRuW7i2GccnCAxHiDP9aJJSqyxsjGhZSsk"},
        {"wallet": " La5FoZDJNBpaBpp18veBWnj9ggeVY9HvLB"},
        {"wallet": " LhhR2wf7ZHinQorR6DZG56niM7ee4WojeK"},
        {"wallet": " LYZ8CzHtvvhS54Da87HC7TB7kKhPM25px8"},
        {"wallet": " LMo5iybg2SeBdoNUPoHWsMze4W1DQ8n73Y"},
        {"wallet": " LYeYzRTJGJoaLpqdAd42Gwq1hjbkhSzuKL"},
        {"wallet": " LRqNrSyv9ejrPYKd6sT5EVGLENS1TVWpQ6"},
        {"wallet": " Lg99Bz9FCAqtDPRx4udvLKZ8EsuntXmLj4"},
        {"wallet": " LTAmsFeAspbv6VcV4uiYgGuMA54e5bQ4dp"},
        {"wallet": " LYiUZKRCUYS9sfQJSYP4339iAUxY6AzVHu"},
        {"wallet": " LMn8FssuNP2i7pxJrNAN9w2G5QNBRafgwa"},
        {"wallet": " LZhSFmNk1a4tWHSxkb2Ez2rQgZ8fm4p74i"},
        {"wallet": " LfChDtQLRNLCkJyzQCLsxH4AayLcEdBuwB"},
        {"wallet": " LYcFUWBKsUVtXsSdYkEBGYgCJEY89fb6c1"},
        {"wallet": " LNNf41PrUBGChygXAenh4MB3QaCgzAxaM2"},
        {"wallet": " LfqGySSqHdr7YcSkfSNQGEqWr3jUSk8yz8"},
        {"wallet": " LMYGdfiyygvbMomMTRivWU9dwpNA6Rnscp"},
        {"wallet": " LNju59WAupZW7mWHaRpEzX5ud19Vjy3sk7"},
        {"wallet": " LarZKg2LTAxQU4p3nwinTxFqLoKGdXdLDf"},
        {"wallet": " LabXt1GhSMiWMmhRoQxEivk38xT1vGyLA6"},
        {"wallet": " LSgdxbFCjKFWUJWkRcUtNn2JAKdWvwcT7D"},
        {"wallet": " Lh7eWLbtw5uBeCBr3XVwVB6jdo8yzB6q37"},
        {"wallet": " Lf7zwwvLGUTH7jCNg3BJRJ7DnGU6tqkf6h"},
        {"wallet": " LVwjZSWgPfiZKbg9GhAR9Eqn5nGmAupbKi"},
        {"wallet": " LQRCFdnVGx68vZYjNBYYS1YNrCLvi5b3wn"},
        {"wallet": " LLTXSJmrgVyA2SjVXZSnUJ5aa1xR2Xxtp3"},
        {"wallet": " LWZfLnDikuf2G1BQ2NWXzj3EHmAcG5dAzs"},
        {"wallet": " LUBKPwECKWkJ8VcMNX1cmtnD5ChUdq8L9G"},
        {"wallet": " LeYpsc1iBLBwQ4w6c1Kc6LN2e7STF3vCTz"},
        {"wallet": " LLFR459rKRRkLB5wvrvysuvUN9FoNoRnQF"},
        {"wallet": " LPzUAZSQCn7xTLmxSTuoWpqGEvcRoZaTZT"},
        {"wallet": " LT1txUuEBgLCLUWHumYCzSDYNwTsLpu112"},
        {"wallet": " LUhjiNwCASEX5h672K6LwFkVJC46KyPvSy"},
        {"wallet": " LYEn7VgmfRUJ8ELQdiTnb6ZXWCNSsgETxT"},
        {"wallet": " LQ3YV7s2e4AwaLgXQh9fqsVk2nNrHN17H4"},
        {"wallet": " LScNENvWo4PUs2Lz4f7xych7K5TncSyYWj"},
        {"wallet": " LPEG9ZVgT475QGL5EnwQWKdRMUZnNCQike"},
        {"wallet": " LcHKVcyBVXJ6gxxD6wxTt63HbfUMrMSEdn"},
        {"wallet": " Lb3fDCRRAadsJvagqg2e5ob7tgjmEQ2tqp"},
        {"wallet": " LU15VuHDCvyBcESjsTF1YujN2QwJ4tfkhx"},
        {"wallet": " LaSY1andxZ7Y6gzhEnrUuh3m13T3j6jEtb"},
        {"wallet": " LaR5naBkr5m4UPNu27aWjKwAQTvVsNh2BW"},
        {"wallet": " LSw2fFChGWj1jP4FL6AtYGfuWLm8Jh8556"},
        {"wallet": " LNTuH5pcxyx43oGtdrDjx8tZi5RjMcX3PZ"},
        {"wallet": " LeyzbWRqq94am2W98FuBf9eG7Ljcp2T6Wj"},
        {"wallet": " LUktooro1wvcjWTyV7axbbFs4sjPyanz5o"},
        {"wallet": " LPrwkskyQQr22Uw2VgHppJKcq44no3hNoh"},
        {"wallet": " LcW6ZAaaJDN4ts655JmficfyYEXVaPUCSR"},
        {"wallet": " LWbU9HgNmnn1f5RvZ219YMbw2udYMgJmjt"},
        {"wallet": " Lcde7WTwvPXLoe2NugrYH8mgACp1qcv8dX"},
        {"wallet": " LPezeFuDNizme2fYsDvNW47Mo3pnAUkKdD"},
        {"wallet": " LfSCyFGA1Wxe1yXKJZLreFtvPZoqBAtmWP"},
        {"wallet": " LRifbowxigAGvtJagVwmpeQG1VwqMD8Umz"},
        {"wallet": " LbtWXpEaGud4D8vwedkv49AQgZ5wg2L6Qy"},
        {"wallet": " LM5mewFco8UYvxn43mqKdSgp8Y5kgGFUbG"},
        {"wallet": " LLikkpxCCQ34maWx8Zi2GZcw2F2L2SWccu"},
        {"wallet": " LbK3zic5zyNH2ABMEZWubTDnKHzbywQLkp"},
        {"wallet": " LXbbR8s6749mw7jdstTd9dadVsNRxet3nS"},
        {"wallet": " LP2APRbwtRMEeTnCE2bZg6bNawaXs4HhUY"},
        {"wallet": " LcXyti4wdtsHWWzBj6KTNmLTXHGb1PYmJh"},
        {"wallet": " LNp75aJqkmqYc5ChGSGfAYdBMtq8Hf5fVb"},
        {"wallet": " LUmeYPscrVmRfHQdMoQtJ6MvqxjvKpFYs8"},
        {"wallet": " LW8U2psMctBcvhMqB7jLEz7Gpy4Z3w5Ud1"},
        {"wallet": " Li4DTst5bKgU4XeJnkbVPjCKSBva2KTuZH"},
        {"wallet": " LZAd1sdLkiEx156EE5jjapyhwdXe7gKYkJ"},
        {"wallet": " Lb2jc2rbB28kFq2hCKc3Dgv5cwEedXT7kj"},
        {"wallet": " LT1HXcNxc25DfZ8cTBCzcwecZUwnFjTT3W"},
        {"wallet": " LKS8qkEguaaiNNFdQzvf8jQCnvFYSaudKS"},
        {"wallet": " LhsmnsiVTpYSq93TWADeYJn2LwcBYfo3LE"},
        {"wallet": " LfrU9y6nReC1LT66d5VPNDp2ghLKFGbk3h"},
        {"wallet": " LgzsyPM2dNQJ2bhKuaFYrqygHWTkUAaL9d"},
        {"wallet": " LMi6Fy1Pd8zi2RNbqX6MfBjBJe6G1QfWnG"},
        {"wallet": " LQwtY8tHCS3SFyUomAQtwdFGYYCN32jRz5"},
        {"wallet": " LiBr2ZEBAvM5vEkSR1GuUacjw3y6V1CVRN"},
        {"wallet": " LUVykDGDa2TJ8XCRJv2i5246jyxECiYadP"},
        {"wallet": " Lcuk25GH4Bcv654QwJX5Pbwx85oCMiz2wj"},
        {"wallet": " LQYRDHeMRASr1MBG5tnWhSuyAxUiN5daFY"},
        {"wallet": " LTXyF45JEsUZNnkkWjkLpWEMDDVfSx6buo"},
        {"wallet": " LKxVGnjhSrMBDYfC4ExSCFat7pv1WAzkfA"},
        {"wallet": " Law7wnfTHtLB6bpUhe1CmjV1ZYm3V4BWo1"},
        {"wallet": " LV4WaTAF36UDSJve2sEK8DGKhsSaabboSk"},
        {"wallet": " LbiR1dzjbKSLcewYGWLwgmSjq1E2cx62sh"},
        {"wallet": " Leiwxhqj2RGU81UQkxGaJ1C42uprDpRQkZ"},
        {"wallet": " LMiN1Yx5RziMtWiVMSnkzgguH7r8SB7QcL"},
        {"wallet": " LgBeU4bGpTWzfXHfaLD1HuG9ySwLiTwPuo"},
        {"wallet": " LPtHTVZJLRyMtT7Q3nhHiC18LjKxCzPvUW"},
        {"wallet": " LWZufHbsnRuRyoynrp4TNv6HXYPVRSfq3h"},
        {"wallet": " LTJGpNFfV9oWdmJtJhrb2Ldwwb4v3sLsde"},
        {"wallet": " LMosv2JLhTKR3zpXomvWqiXpv7n9VaXfwa"},
        {"wallet": " LaLr1LQ9keb3xtubnSsbpuXqp4WU9KnARf"},
        {"wallet": " LQZPX47GbRSgjMskBYzB9uuNnmtF2EVTk4"},
        {"wallet": " LZq4NzTxQuvwAVXjABNs5QcnNsuqWhQ5hE"},
        {"wallet": " LaybQTA4kx66fecTDz6WYs8SJztEUpmbPy"},
        {"wallet": " LXxRsqeGsqN3bWR1Vo9rFE74BcMrU648Zn"},
        {"wallet": " Leg4AK6xhgbAxcBW7385neFiqziZGRncmr"},
        {"wallet": " LUwXeHtV52nFKGxPwZKpqbBat4qeZxCrE7"},
        {"wallet": " LKjwmtiiuKxBtKCfjjxuDhnSQGvjDgQ6K4"},
        {"wallet": " LVs1J1TN6k65mEJvJ5tCCUR1F22m9CESHa"},
        {"wallet": " LiGGrTM3jY8Su96jNf6Dwn37d9PkJj9Fzu"},
        {"wallet": " LWYmyZexqCpsLNJMr3edzQaS3YQHet7UhA"},
        {"wallet": " LTYRT5N6csjr7WwbHRg54F1niM8ed1dQmg"},
        {"wallet": " LNgpA67faweYpbjE6FUYvbqBcBLHoyNtw8"},
        {"wallet": " LWo4wyNRqBgXGwGpfymzwBssrgvuMANXkf"},
        {"wallet": " LhWHGQCqCnkZYvkmLnyo8nUoSmgUkLmUn4"},
        {"wallet": " LQ22jZivig39MQbGvwqQhua8Ko2X6ibAFS"},
        {"wallet": " La2RsTLyLkxazBXtB5KpXusDWgouXhB7f1"},
        {"wallet": " LNvWoaSFCpKFfdthWpS1fjLAjkPfUA4wyA"},
        {"wallet": " LRNobjnG3vZ9wVmgEUzSbcrb9EEihuZzHi"},
        {"wallet": " Ld4s9CbbSYqmegaZ7fDRRPWUCgBVuPFKDQ"},
        {"wallet": " LPo5pEdDyN4R99Sx3NhhgJMcqhpPu77DeH"},
        {"wallet": " Lcf8PhcPjGDY4warPjGLrbFZ4vb8yFCa1h"},
        {"wallet": " LVw6Z4waLEVEXBcxKwrN5duSBa98EhJqZc"},
        {"wallet": " LSPFGt4H8tAk6earS2UafWD9CnSvkgjSHN"},
        {"wallet": " LXcscvQ4h3c3W2DgDaWkcdcwnY7bRUPoDh"},
        {"wallet": " LLQzmEFgdkLg5SCeVio4Uo6YGZeZAUHAtg"},
        {"wallet": " LS5xjNKQDL5R1sLKeiaAf2CbUHJZVJgadJ"},
        {"wallet": " LY5efyFt4TbJ38WnWveu2FBVE73sEUDx48"},
        {"wallet": " LZbVrCAMdai41dddTnfiDxmeo72DXfBz39"},
        {"wallet": " LP9wKaZQmPfmsdfs91qvzc8tPRhVJUBpCR"},
        {"wallet": " LLqm82TNgY3nhFQbURhoqGRM4UCD8gCHtj"},
        {"wallet": " LM7qeQVjiJffcTaZDG9eRuWViwLovPqz3T"},
        {"wallet": " LLqhrtLJgCKF517XzNK9AwGJWF5TMV7Niu"},
        {"wallet": " LfV7WRnNon8c5CPe5bieMAtKk1Ya8XyqwM"},
        {"wallet": " LQcUyoPsPtokKKLsqiLdeFo8MYbop1E2w2"},
        {"wallet": " LSQdCkMaAobmqz3o4Q7jGxWHhBV3r5Ffcn"},
        {"wallet": " LNwPG1iM2rTegkTpVKs9GmZurgeLTxvvwP"},
        {"wallet": " LQRBMVVryRLLy7oPfP6b6vBikiYDNzEWHh"},
        {"wallet": " LWf2cJxecn4Rb2Y3gZCxw9EDFP7D6kFx5k"},
        {"wallet": " LKTuVNjVsTDz5dV85QwD79H3NMXhKXA3jp"},
        {"wallet": " LLnBKFiRBUaMhA1wWuJJV1g5ouAKHuks15"},
        {"wallet": " LfzGhM6AyUqaTwXmQKhge1XcwaHCA2SFE7"},
        {"wallet": " LPB2heeHJr8dnVpf9wXFWizwk4tTrYeD1y"},
        {"wallet": " LKzFegmSSYX6JAssLhh1odxCWUTrzKsNL6"},
        {"wallet": " LLFWM56ZsgGBBSEsSdMfgQ5ZKKRQAwycQ9"},
        {"wallet": " LLxQEczq7Kni8CAvKCVzQjv9NJrNSugPBK"},
        {"wallet": " LKx9mn7KUKCYVtx8jYyZhkZTAqBCXdayJT"},
        {"wallet": " LQzDHgLkNbz2P2y8eNNg4oFQRf3Dz7E7sb"},
        {"wallet": " LPQAnv61h1eaAaCM51dsf6FJdNtYTMoYfB"},
        {"wallet": " LiZVmGgr5Ek7dhphd8bfkLz1j2DCD8DDLG"},
        {"wallet": " LTRG5N1HV7UWjYRP6kFWsjpgkNVYzW6fNB"},
        {"wallet": " LKv9uYRTP4iVPDZZeqVhBHgxuZ3gEaV8jA"},
        {"wallet": " Li8y6vDKFEdgGZzKCXRDEckQoCLNL9odeW"},
        {"wallet": " LiDXrziE1vfigz6MCzqGxrdVTNLvmGw2h5"},
        {"wallet": " LV6ZgN7MPJBCnjGeRUcoyeNLyiDevBxqR1"},
        {"wallet": " LaTYw2j19uom3bBwe93awwtNJ9SabHxP7N"},
        {"wallet": " LXHAHD8YjQhpE4zoBrnbFvhvgsVezwAYPY"},
        {"wallet": " LhRicTKMU2NBhpz8yTzaPoCkXBt2cFcUG6"},
        {"wallet": " LTVYvcJkKKMNayp1YXxDzSQpAQP6VtYShA"},
        {"wallet": " LUUaNaBj2AzGjPQus24m4DRMAhhv3M1gsE"},
        {"wallet": " LWPtvRuyH6ZZjxP1xhyeZtLAEiFeeGiKLo"},
        {"wallet": " LbH8jBhvTeG75NC428asAezUkbVCTsJ1q1"},
        {"wallet": " LcprsKEB4pKxBexFqudGn2TbTxXoVhuqkv"},
        {"wallet": " LZozmZabRmhPMhBD9Qymiq9pi6i4nmVCQy"},
        {"wallet": " LMAkNRx4V65cES1Qx73WBRsyW2xmiHo9MU"},
        {"wallet": " LgMLB7MVbwjaqAuNqqpkHVhPwJGjvMw2mH"},
        {"wallet": " LXc2e4NnjE8YrbfC33YWMTijyLAUgvDypr"},
        {"wallet": " LcXLBB589nwP1ZYNE3146Q6xThY5rUm5fJ"},
        {"wallet": " LPt6JX6UzoE59zuKf97ytoNY7Y7jfxDJTR"},
        {"wallet": " LNpvRY3yQ5dp7xp7BUxZSp5zFURWm57zYN"},
        {"wallet": " LV76TqCanno2JxVmPEfeeJUV3sWXYbEUpm"},
        {"wallet": " LX7TnQsnVfSjnisnsZdcTkm2hKzdtGHB1Z"},
        {"wallet": " LYYgCZbakWkD826z4rKJoCg45sbs53jcCZ"},
        {"wallet": " LeGz6qD5XjgEbjTkf73QF7Db7hQKmLNK4B"},
        {"wallet": " LKv3seqvovQaVbpprvawXzZaS1iUFrpaHV"},
        {"wallet": " Lg2G4KYm9eHYptG44UkARbMt6fyZPQ3a93"},
        {"wallet": " Lb1p27SSZWFyq6y9vTffpYVqzhDX2MFBAx"},
        {"wallet": " LdxoUaPMq8fwtAqwGiDwCc3XAsFyWdus5j"},
        {"wallet": " LW4Lx5H6YGm9TuScEoggQFbG73tqpCrA5q"},
        {"wallet": " LPrG2iMJe8h6UJGN4LgepPtEXj3FUscL5C"},
        {"wallet": " LW6jYAg85ziEr8851GNWpn8GvpoGQaDCGT"},
        {"wallet": " LUYB3pHbQZ18tdQPfgzeScHrU8WzNNYX2E"},
        {"wallet": " LUBXFoEjJxMw9N1DYTmf2X1915UB4bvSEy"},
        {"wallet": " LWpHsCLWKnEbmGzB1Er9ELygKHWyWJ7q3L"},
        {"wallet": " LLbB1xJpYAXWvfD9r3woVDZXjps7bwXEA8"},
        {"wallet": " LXQzznJUUbJmze6g9CHnrgnX2KXYhokeBz"},
        {"wallet": " LgZnMJpfxrfv8at7YJVJUv1k6UMsxnTyDB"},
        {"wallet": " LcmwnPFzKdqz2VhUYZQZoxMWMPaWNwgrAE"},
        {"wallet": " LUxVxMBb3UmSUrWaCqeQk3eaD3xdyqaL2M"},
        {"wallet": " LZzA4k9FnJUNinZCvdsU4VHHWKrMcuwJ47"},
        {"wallet": " LKnwz4u3aWwxT9Ur9sisLxY4C9QQ1tkwMy"},
        {"wallet": " LPmWNHw4zUGNGCRMhCrJasBU6XuZHRQ96a"},
        {"wallet": " LRjQDQu96JEhazyuNr4GYmuEuBeEhHFvHN"},
        {"wallet": " LUg8wBZidLucZb8Ta8fqcc4e1NkwaBm7vF"},
        {"wallet": " LhPeyt9LujVWb8fA13zMVUAbhognEsp8aB"},
        {"wallet": " LajDSoSuHEXQSxyn615CNc4ksDNBEWqoQE"},
        {"wallet": " LW1ReeAZuKbFxfet1CBFkedb3hxJgg9reH"},
        {"wallet": " LZqcpxCsoCSsKQo83uVTSvWruSzkmbNzdm"},
        {"wallet": " LddcjuPHmi3qU6eMjZrZ1aRo1Ry77VoRYH"},
        {"wallet": " LM1WNwVqPrFVwBbabximQ7mJua6EqVcDBs"},
        {"wallet": " LMy1YWhQPHzHkhfvqKwwZURnis4KS1LHEG"},
        {"wallet": " LdYcxFz4ViUwqU9PPcPsADfK7VMZRuXzbH"},
        {"wallet": " LS72Z3qnwKsDLAFk6BYVxbBCgfNBtYu99J"},
        {"wallet": " LcDAh1WHFJx7NVzF4fXd7GXb6U9z1WsBHw"},
        {"wallet": " LSzj9hPoJB7134gPmpkHzP2X2ztrNnqivQ"},
        {"wallet": " LVmdmRYXR23ma8dPAHXMKVvjJTzEvcSz4k"},
        {"wallet": " LZfxmfWoV75NBC12ohwSb1MpcnUmXYNxTa"},
        {"wallet": " LWLW7MoqsDGQiknkDQhjZgum9doCyJEXLz"},
        {"wallet": " LKh5DHd5qKwadzYH2wrK68yNsMhHED51mZ"},
        {"wallet": " LZ1dXg1xAsqCSc7ifmjx1PZjpopC3SVurD"},
        {"wallet": " Li6BSjiDY7rCnccz9ioMzsnrpae15GKo9N"},
        {"wallet": " LfXwVvCoaQ3yFbWHc8UUUGcE5XvhcEDLkN"},
        {"wallet": " LhZ7H9oh4DebzssCFxr2qtJ6sWcHydBuuB"},
        {"wallet": " LeRA6XcKmaDGJu7MiUYtFXd4kaCi6sNKhP"},
        {"wallet": " LXNVcHJyiA67tA3nomQKcAp1fivQvboC6i"},
        {"wallet": " LfZXvMDwvLQRnS7qoAXm9FUwYGgLSTByxD"},
        {"wallet": " LWy5EmH8Kb24eR4uQSxZ6K7gyoTKZQP6Q1"},
        {"wallet": " LQpG3QJn8TYNd8W9DsznxpCxLgcpegSkGm"},
        {"wallet": " Lg1vCJcCkL2WZAtah2cJ3w5DUNdQ3m2Yo6"},
        {"wallet": " LZxKa1EBbEVY4fTpLekwy3FSPp1Zr8KZFm"},
        {"wallet": " LY2pNjfqqwaJjoU5yTGvTjnEX4HzQFDb24"},
        {"wallet": " LhVR3hQfWopDu4RH9ZWaKdUCZMh7wLLxMP"},
        {"wallet": " LTfABZjm7eCsVyaNticj8z692985h6Y4RH"},
        {"wallet": " LWunVxFQhQpkd2FtNE8iNaouvrZsb9CaKn"},
        {"wallet": " LPDVY46CXjDnhgfjUNh7QZP5jRTZnyBkVG"},
        {"wallet": " Lf14j2MtQ3YCHnDbcgdpzravmhhMWDrybE"},
        {"wallet": " LUwMKqMknSwS7wVHN7iGShZq5JZtWBcgXv"},
        {"wallet": " LiJTyFv4Hpo5hLQjrne21PjVDiknYW9NKi"},
        {"wallet": " LRd764aBzFoSLAwb551HWTJEqAvpu9JXx1"},
        {"wallet": " La9jAN4KqZWSPbawHL6mXhZgpD962kKMtr"},
        {"wallet": " LRbKsdnfbNJZ3URYeFMpQXJ8SfA6BZaVTG"},
        {"wallet": " LbEo7VizzVeiRvX8pgUSwYPgnanCeUo3WD"},
        {"wallet": " LTX9dALEfnSowBs2EzvMKY4d8t4b1TydLQ"},
        {"wallet": " LMg7NeCXpRa5DaAn8Tx6o6MZNjJ6Sh2JtW"},
        {"wallet": " LbrHcxNdXK7wTxvdEdMr2Zii9h6iBHeBar"},
        {"wallet": " Ldz1vDZ7PSzjyJUzg2WBWnLYSDoxPqDAvn"},
        {"wallet": " LMnAZDvqjZTz5GmRSo4yYyXayo2knxtNPx"},
        {"wallet": " LYr1TF4CLfNprECAFQ4VXYtCy7btBWHynW"},
        {"wallet": " LX4KUU4CApkodRVNZGWnBHcycYFjg4XTko"},
        {"wallet": " LTyKcyGpLqxAbkqezZSiRS4nze1FczniUG"},
        {"wallet": " LWtuvHL989ZqoAqHpWWAEQtzB3MUF75cxg"},
        {"wallet": " Lg24trszamrCGBGW8eQiTVic4QznuFhpAk"},
        {"wallet": " LhaqGfDz9bQCvdsVedySV8QXCpbSSEJ3Ge"},
        {"wallet": " LUEWLUqXn9UkjbVHXZmMLDBu2TX5LqNSi2"},
        {"wallet": " LKT1WH4u9erBjZYHwZY5MaMBtKePZjyBXC"},
        {"wallet": " LWuM5g9KjSFpjQ7ia6ocgTjkkuDiGRkbrM"},
        {"wallet": " LbEPERo62gWtAk7qDRUxoGxJJZMxKV2By8"},
        {"wallet": " LW1VGGDxrw4Abzds5xJugkNAZGMF4X278X"},
        {"wallet": " Lb4oDbxvL7xqHwxa7VCoZqrX9FCKuR8AmY"},
        {"wallet": " LeLEB46xFiZVeFfo38rTgA89DvCneTC2yf"},
        {"wallet": " LURemb3WUFMxuVMZYwkoRM1Tf38dP9Pzdu"},
        {"wallet": " LR11fi1etwA4pmVaVBZ65bYt3VGKXPaK7k"},
        {"wallet": " LV1xF544UFR3U6QhgA5GN5EYV9AzQnCA33"},
        {"wallet": " LdrE5BdoQfjRrTqcEy49eE1YqZqWUCpW18"},
        {"wallet": " LbUd4mDXuhMJzLjpgi3JcdbWYZgYAQxotn"},
        {"wallet": " LQJMFiaTzyWgGr1nQusFt2w7SpDnE7KWT3"},
        {"wallet": " LfpCFbcWJwAfZugDUtqwCNBKsqJuHgUVgP"},
        {"wallet": " LVeU6YjoqYzx5CKWYAGjDQKsX724R6Ci9j"},
        {"wallet": " LLhVXESES5d6DoScb2bQeodcT5mXxwCKRg"},
        {"wallet": " LWAw12thBqBDXYhJ4DDCQ2RrWtTmKAovkw"},
        {"wallet": " LLfz2rJe9FUmx7k9K53cSXJDE1PPktZixo"},
        {"wallet": " LhKgJWzD4xngiVQoteEwDmMbPfKDBSDgGn"},
        {"wallet": " LfSGwPv5RJ9gb7Lu8VNjxNpMioqd2d2i4p"},
        {"wallet": " LdPQ3pPkCg7MBg2d7WFQS8Hdj4jZqXej4c"},
        {"wallet": " LS9hPbMveirSRRcmQ1Hr8CaoWeBYYeHmTr"},
        {"wallet": " LdjfqiQDDRdFDfs5raH6qCWdTuygCQ4WDa"},
        {"wallet": " LLLnjeDUN1XW8ds2vRp37xhfdSiJRRYPfH"},
        {"wallet": " LPDcR2aNnj76GAE5a9EYx3oEbnWtx1Bbvz"},
        {"wallet": " LWj12cFRRt4YvcojezUELqrYYENCZ4y43N"},
        {"wallet": " LQHf1gViMz1zasRnKw58N88e6xcEFCQb6o"},
        {"wallet": " LdNT2C8oXKCTCBoT1XvmX47VJQ8561Hvnb"},
        {"wallet": " LSQRctNMBHadJ5NVGuQiNFEXV67Emzuu6N"},
        {"wallet": " LZ54oycBGzbPFzGJMSKpz7BrMt8sN3CbM9"},
        {"wallet": " LciEvejQBXdzj5nFjdGog4g6Ty9DsWuzhK"},
        {"wallet": " LRVGSKqze97m2NzsjtM3XCzPDJa3rWPmoM"},
        {"wallet": " LZd5RKAJsqRu7uHkdvSPAX55ZAhLwNbbCC"},
        {"wallet": " LeuWiu1eAkdunXCKgZ5wAuEGdqtUwJpxoB"},
        {"wallet": " LYUePwKtuKN2uap44Em6jZc61bGBpxLias"},
        {"wallet": " LiCHqgu99YykhCdb5fBqPaFHVBxF2sJWWs"},
        {"wallet": " LX3BNfxJkvRk1vm7x7rUQLvckobSCkQxu5"},
        {"wallet": " LLmnsbbogv2NvRNRo4jZV8yu4XRVwcn7TH"},
        {"wallet": " LP1bEG3PRqhK8kznBD29QtxVEujNaAigif"},
        {"wallet": " LgA6iooE3oQsuMdYGk9duEw3qWdCHqcXWY"},
        {"wallet": " LYpLjqjZjp8g3m21U8hZBSBgXYhMhQuHJn"},
        {"wallet": " LQ2rDm8f9EyRZu8Qg6Bepxag5gmd4eJ2H8"},
        {"wallet": " LQch3v6w2RGCbx5xzJCxG4uZvn581xz7vM"},
        {"wallet": " LNRqigjKPboQ2ADaqQYUGaegabQ2Aao4Y6"},
        {"wallet": " LT2wsjhSzpEwNZ3L7RMmaRSv6VUKiHMJxe"},
        {"wallet": " LNALeBZberr2ykPHy2zcY6dTLwqQEuBpEr"},
        {"wallet": " LUdUzE9v8qKHXnNaezf82yr7z5TtK6vir1"},
        {"wallet": " LULkTNVKTXx7KP5aL9FRj1nwDKW3NkgKhc"},
        {"wallet": " LVXiuqEc9dzAoX3BmvhHUQcsa1o8tRyY5o"},
        {"wallet": " LSj6FtPGVTPuZL2XWo1iz5FY9x8jvUgSBn"},
        {"wallet": " LRkGi4a6dwJsN4sfL1CXfPqD1M66gcPD7M"},
        {"wallet": " Lf4KTupHzGVdXkCEjKydyLGPxxjDFGx4Mf"},
        {"wallet": " LhogqQGxGLFvENRJALgqwwZCpSETYFAtVz"},
        {"wallet": " LR3UQafpmTpebZ5DEYSXhbBzZ1DQxHGj5E"},
        {"wallet": " LhxmiYU1PRyXibpzD3QQwcF28A9jtXe2rs"},
        {"wallet": " LUXcwMLgC8UV7G6bL5WSKmg5Gk6HEbiQY4"},
        {"wallet": " LeXDy3SVJwcaPtDDsdN8DkXXRXXEdvocww"},
        {"wallet": " LYpzGnF3dbKRY2oUuZANzcoLV9otrMGzJg"},
        {"wallet": " LWGG8tQSnLsEzNDREWGFUPdUr7sH9yr8hZ"},
        {"wallet": " LTX1pysjtYkzqFuucigdv1SQ8os3qyC81Z"},
        {"wallet": " LRa4yTyuLW4D2NCF6pDcTwf3z2UkEpnrWw"},
        {"wallet": " Lbgweh3ME6Z948TLeeABrCSkwfEdTH5pLV"},
        {"wallet": " LV7VMkw9FTLDHzGErBBuT7EsPd3hUpoGoX"},
        {"wallet": " LgH7YrSG5qmjnbKHYujUQdhzs1Bep7XNDr"},
        {"wallet": " LLS7M9JJhx5rt7LjWE9vpZ9iRyHJ5LthxL"},
        {"wallet": " LTcCbKd6Bwmqp2PRhFkUVBGwnThGgErvSG"},
        {"wallet": " LiN17zcz2h6JZormrHo7Y9RjWmoFoGPT7s"},
        {"wallet": " Ld8Y6b1c93gidVD3edP31xhcu5fCh5GSGq"},
        {"wallet": " Ld7NKJSukxeBpPhQPV1GToSAzK3SzicjD1"},
        {"wallet": " LTyVQpCQiywAUtFY7LFk1qVvg2Ktbxb9Uh"},
        {"wallet": " LMeuuqfTaEEP5haykmxn6hm2iHj3dHM6gp"},
        {"wallet": " LcAgDs2Ap3XD86cSc9Bj4a8ZvfkfxSyJrL"},
        {"wallet": " LSds9zD3Cz9W2uyu1C2sDDKsn4xSN64Xdk"},
        {"wallet": " LbhyBAL1eteU1BLtZ8L8gyodcXsxUwTd1P"},
        {"wallet": " LKRhrEDSvBpWAjiWVyJyicTLiN2E9kVzDS"},
        {"wallet": " LiQuyeNHqCccLK6PDPc7YJ3rL7sQtS3epG"},
        {"wallet": " LdY1nv5QCprbHAsfS6s3DsPVksywyFjajh"},
        {"wallet": " LKKaxNo4BNJiPCq1kynv9Wvmf7juuTNtHv"},
        {"wallet": " LUwkEtR6qKonkcEsjRrSL3CxQSSUsmkEkY"},
        {"wallet": " LaKbjVw782Xq3ZTyT3egSrpXZjVQNRKKn6"},
        {"wallet": " LUoQmKPu2rpcefgBvaQpzPeqErnTddZAxC"},
        {"wallet": " LQatLkuh1zTnekKNWr2T56gT42A2Mjpt1u"},
        {"wallet": " LVH5zs8NrLHnHdFrkUbczGFCD18B2iTWFc"},
        {"wallet": " LVFAJf1YnSkps3RwrcqyHGVXrrG5tk1DJi"},
        {"wallet": " LNUpDAjMKF9y1RNPtoJnd3F7q1bRRdkKVm"},
        {"wallet": " LMCpjxwAemx1Js3mX7oXYo6kRE9vfKuURV"},
        {"wallet": " LT2SDZiPf5NquKMCVzWu2PtEUCgNwsYwAB"},
        {"wallet": " Ldpqr8ezGUqjEJSnGUsDvpCSbQebRBBg27"},
        {"wallet": " LZCqfPqnHQqNj3nMK6rCa7aymMFLJdqQx5"},
        {"wallet": " LSvgSW7aAJpHtLbtPtGpX1z8BxCeGaqUKf"},
        {"wallet": " LR9p2ygHqkeGBBqf7QtgFxyAtWHmGUv5NM"},
        {"wallet": " LggPowDUtkneNLy9A2TmeTTNVFeRMwgeDK"},
        {"wallet": " LaRopjmBSuyeYzaPYKC8pSxEvzLyo73vu3"},
        {"wallet": " LhG3NvjWx5SSy1UxrKPfR3oyRJDtYBs5Wb"},
        {"wallet": " LYaNruNABX7BG94dGJ1mpgoooX24DBngsX"},
        {"wallet": " LfKiCyLWiGWGfhyCnbkRurrPrHpN8xYjUy"},
        {"wallet": " LdEY3hkF5q2oXAkPzA7HyAfM9RgJeHpyzc"},
        {"wallet": " LWdz598KLgiijPuS3C95bga3EnVfas3HiV"},
        {"wallet": " LT32HzpMwuWVAJK1tAhY9dgQ8wNDduKVJJ"},
        {"wallet": " Lb416XRATKhs5ZQFB41Xy1Du6daYfXiatr"},
        {"wallet": " LQS36TQ3F2TeZfP235paEdDamir9YtFgGu"},
        {"wallet": " LMhMfuZxdomTxFnVHeoQb5tE3M9C75mZ8x"},
        {"wallet": " LRx1WsWUDgv6pnFhmt4yXiADgNveafriQa"},
        {"wallet": " LVPsHvBUvFU7fZPjEKxumfYQW6Pur2Gv8X"},
        {"wallet": " LgP86Njp7qUDXybi9kfJbGNvB2oQH3VGkG"},
        {"wallet": " LWeZZvPCxfYjz59SDMXvusAHjq6iuCens9"},
        {"wallet": " LXxrxZb3xsHrpcPx57qFb2R86VBhogxArR"},
        {"wallet": " La9zndr66TcWBfUekgYwVmkFiNqDUzreS9"},
        {"wallet": " LMDADq7ot4rLS9Vx5RocoDNXpBqk67zPdv"},
        {"wallet": " LYDED4TYa1fJj5rvLbPyFFPN1ogjYpT1Kx"},
        {"wallet": " Lah3xRKiYb7XdUbambQMuyJHyhjvyv8Akr"},
        {"wallet": " Lf9DqDfuYuXgCtQJi52fLXDUBueDF6KEwc"},
        {"wallet": " Lfd74Hb4S4vLzxFCNvbH34hBmjeY4Xff6x"},
        {"wallet": " LbrGC1hd9X8wqQQDLRBEAawJdUfM2kkiPn"},
        {"wallet": " LMzJgi4Ca2fnKM6MsU4qfEokssrBuhDV6i"},
        {"wallet": " LfMB3UYFcsxeoRb1V7VQocA8Pmvwzyzv1R"},
        {"wallet": " LYrbfFYR2Kv7EUoYY7FxA1jQQc9o6nXNbK"},
        {"wallet": " Ler8cSURWcXHDCdR8tmp9UnsTSZKbEP4Et"},
        {"wallet": " LNNrv3w4dExQ1HkLx5KyGef8Eu8cR2o6Lh"},
        {"wallet": " LXk8Djyq9acqPfa1HMMyuMeZkTSv7tUdwR"},
        {"wallet": " LWq9ab9hEi2aahwuhzzKCdCxdHTEJh7H3y"},
        {"wallet": " LVjGqhPBn1NgXohoqrXA1KdH2NMCkNf6bn"},
        {"wallet": " LYpXJVSVkst82RnBAyFkG5KW8qH6ELxTuJ"},
        {"wallet": " LL6K8PsLTCHx5uq9UWidYVc8Qwhs5Cw5ZG"},
        {"wallet": " LgRGgqkooNP8RM2z42NDwdg2NonrNogq42"},
        {"wallet": " LQVcah2EuWB5hbtb1vyXucCq8uPU7Bg4oi"},
        {"wallet": " LTXEx1A4yNEkjyC49JF8kM1etoK9tkNiPM"},
        {"wallet": " LU4jiVuV2LTe9E69R76zzH1193hMHZkF88"},
        {"wallet": " LWudRzsGxbWGScdEsfeoa8aJte45cFWYDj"},
        {"wallet": " LQWfwb567uvrZvA8L4osCHfr2AwGGZ47gP"},
        {"wallet": " La7PT9rwLx8KtwJMypoMEGJUuKxgnu3rfR"},
        {"wallet": " LeRy1D3jX5gov2w1uQSn6418EeQCWuULUE"},
        {"wallet": " LhmETMqNguFSkZnWgxQmNERhb5JzzDZEBv"},
        {"wallet": " Lhx4WV8R8xh34ZiD5tPeLPxtCYYsYv7cNF"},
        {"wallet": " LRHmZqWtMq7AveD1KKJEmHJAnjPntqKVSY"},
        {"wallet": " LRE5KhAKUwLEVHs3EHx2mmg5ommdWs4zCh"},
        {"wallet": " LQCrHWArMsUsifwGczv9tMPHpkgLDrUR6s"},
        {"wallet": " LebBmtb4TPiYzeWR6NPd1M3Ep3kCbQR2jV"},
        {"wallet": " LWqRYhR9MGaBoCS92ox1y8kMZjYdoDhWbG"},
        {"wallet": " LiX7zFPU5q9M71Dxewrjs7AYk1qSyiEfsZ"},
        {"wallet": " Li8ULwhSKcUfMQLt7Er8mi1eZ51UVmfMT8"},
        {"wallet": " LSRYgY1K4QJ7uW4THG4umxGm3SvrX5znyq"},
        {"wallet": " LazDngEk4akE4Tux3XVw7GCcfZGzRmqxFR"},
        {"wallet": " LdBLgxWdStZNBt71TtuNECTeZ1im7U3LBN"},
        {"wallet": " LQta5XuTKdpU8pubzAjc48mqLLujeHYNJ4"},
        {"wallet": " LNgPCcJ1t2uV2iBe4WZtQ9qHAY4yEtzo33"},
        {"wallet": " LKHM2PTbMDN3jq8y9dqauia5k99Q18Kr9A"},
        {"wallet": " LLygTpPzg9VtfzaaB33XMehY2VXXfDG7Gq"},
        {"wallet": " LexUv1QzoyQmin1LyZtaAAUtKADLFhnPfs"},
        {"wallet": " LfX9LsvY6TJ6gRGryNXHxabb6GYFQ751ao"},
        {"wallet": " LKtTapx71NZg3Vb8aiEnxDzoPvCG6FWNiL"},
        {"wallet": " LXM2mYRNknNLdRzSMfsVdk84LQs9vCHCw3"},
        {"wallet": " LhEanscCChtiNG4JNf8KXULVoPAm1vJus8"},
        {"wallet": " LiT872Vp6KxAdVT1CrA6h8md322qcfyidk"},
        {"wallet": " LWrDNAytBPc9gR8WWSECkLBHWKy26uzjyE"},
        {"wallet": " LMP5z3Tx5W5UXJp7gKswDMRABh8mWERZMN"},
        {"wallet": " LT48rdQNo89FuaiRE1CNhg3Yk8XuMB9wMn"},
        {"wallet": " LcCD7M3pZQ2gG1MPZDtPFzxZie8jLTZRta"},
        {"wallet": " LQ99oiTF1K2jGP83YKeqSmxy1Hkih4ZZhi"},
        {"wallet": " LbowBJB7Jy8y89LyT5Ej5hQDoPrvoydzQ8"},
        {"wallet": " LRjX5bLKaBquPkzn4dQ2GXsAd5d6FCn7uf"},
        {"wallet": " LQsFyRrWE1CDU3WyxzUwgpN62EWEJm5Wti"},
        {"wallet": " LdppEgJCPpqtzEXhj2W6ytfv5frj1t9NLX"},
        {"wallet": " LRF31rVQBuD5W17LVfS3LRmQDAQAFa92Vq"},
        {"wallet": " LN4RVGaczvweXiCeQjBdnKNbcyncQkEhq2"},
        {"wallet": " LehHDRduFePbRjpxmh5W2hiAdQV353by8R"},
        {"wallet": " LWkUffVAFxLLv1eYj3CHor1e2k3dv8UeoW"},
        {"wallet": " LeBop2zJdokwyK81FRusZiBTXDe1G6ULaM"},
        {"wallet": " LPzrq7fSiHFuvfudPBQxECEoutLuUypzXv"},
        {"wallet": " LdXJU6Rv3LV6cNFHBA73fZHhkK2NC8R8r4"},
        {"wallet": " LYVYqpbvbthzGKxS2VNkfN64emGms9Hg7G"},
        {"wallet": " LM8FHf7xBsdBUd5KQ9KNKQSgqsndQiajXk"},
        {"wallet": " LVs26VzdFomq9cnVXXPDiLigUHGmBTWtyz"},
        {"wallet": " LVWuhdrtCdouQvHiPztQWjv7AXzJs8u7GX"},
        {"wallet": " LQDF726Htg2a81bKN7C5GDYKdwgK35kWQe"},
        {"wallet": " LQXkfFrTfpKQxXSu91k5ZfAJJjKKiMZdy6"},
        {"wallet": " Li5nBP5vUArhA7AZxVDYsyGaSupbzPtFMi"},
        {"wallet": " LbyzFhXFRGKuU95k4ZacHhMjhZN3733KcE"},
        {"wallet": " LgvALMjV2dZSxwFyrTXKgRMau7iXDcyZ7K"},
        {"wallet": " Lb94nGSFCiLnnwf7c2xgzVQs9p2iL7eYvv"},
        {"wallet": " LQpbZx5GFBAs35ra1RvYjVE3NGxkj4QEB2"},
        {"wallet": " Lg2uu2mbGyUDrhCPmfrD4U8rY2DJ7auMoh"},
        {"wallet": " LfLLrNkWsS3n3FScTzw7EKZtqEHtgaa8yD"},
        {"wallet": " LbY738REoCoAsAJwuUknxqcwKRYD78UJZr"},
        {"wallet": " Lfs9DU5Ccg51QFtMU7rp8Rid1odjuDx8PB"},
        {"wallet": " LasbKCSmXif2neLeMLBNtGBhz1oFXoGANJ"},
        {"wallet": " Le25HrzokQewaVJzZWGpjhDRpCQ6uyPtoY"},
        {"wallet": " LZPuzZVKVs5becBiT6FjpvrGMvNsJ4Dgmg"},
        {"wallet": " LLBeeM8D1WYnJ1c8DypbzeAD3QnVnbR1pS"},
        {"wallet": " LQtMvwoagW2fFUMwi8MQ6wsC7bd5VqcieA"},
        {"wallet": " Li8bbHHrbxJUEz7a6MzCrnb16ckLsZBQss"},
        {"wallet": " LW15yt7eAJu7AkVgq2a8GT9S7hzHhRp5Tg"},
        {"wallet": " LNep9858WzAkwTupTU9ww8DGpozhuM8xMP"},
        {"wallet": " LXb7u2meEpP5J8MnRaeitSpSikUSM6Uoyo"},
        {"wallet": " LZ5cgq9KeBn5CagAiDLjg9FdBYGAkRxEhy"},
        {"wallet": " LMoosTK58GyhWh4JrdiAFFqnKUjdafW9Kw"},
        {"wallet": " LesScwrWagg4n1hdX13mgbtXGVqgXjuKC8"},
        {"wallet": " LiMkoW9ahAEpuwSKMLbjp7XmfJSzbE5JzC"},
        {"wallet": " LgdwH7aPeFk4ia5BNAfRnF7UPaaP3GUY1K"},
        {"wallet": " LP9DaaTLYVrjLXXRh2pvmXo4akx9SKXXQn"},
        {"wallet": " Lha5EtayF62muekHPPY44kQBQoc4VAR2oa"},
        {"wallet": " Li6Q4uhxLyvdPxXDzkuEBaVdczTEUGNDtK"},
        {"wallet": " LRLtEWWtMpwsTVMmH27xiCHPE2CDhu4KCG"},
        {"wallet": " Ldw11MCZg43ghS4ebFkgWnJjUSb3NJQpjx"},
        {"wallet": " LfHeA9aPpt9u3tQsVDWChKMeGCyaaRGUTU"},
        {"wallet": " LKtHxwNw7khmpkWBHWAX8ozm8Av8yLWoi2"},
        {"wallet": " LRoTSGWYfp95qmmDV1fSaVDjCQUzAcKwXc"},
        {"wallet": " LbUcJNwQeJ4fcTHsgUhUM41qD6Sai9Dr9v"},
        {"wallet": " LZCg2YmfpzMtTgzWwiNghJgWLmefB96TRZ"},
        {"wallet": " LTjDYQVWnjaH6iWWSv5TLUMWPWftMDQqtH"},
        {"wallet": " LPu1AoT48Ep9hxfbeDufuDdMQ6KexQwP1G"},
        {"wallet": " LN4JJoK3X1SUYPHABaH61o6aYVXGjCBhQq"},
        {"wallet": " LR7C8pv5ma8UFi15yYuNVhh9yEuPdHFYMQ"},
        {"wallet": " Lcs2xWf9zxfh3tKzsJrz3FPScuAtRpukgN"},
        {"wallet": " LKoFqQXX9LKGrdzgfekwe2zn6kok5KrZ47"},
        {"wallet": " LMT5EbXWNCFp2Tcmm7XQbkpX9rjNyTeFF8"},
        {"wallet": " Lb4SP1PBdxQVobmSCaFaFT4TgdcZ7jLFuA"},
        {"wallet": " LhcobTx8bhVLMNQzCRmnshzLNZ9ga1KXnt"},
        {"wallet": " LNyJziZxHVEmz8kZbd6zo4nz4EYXgt8yxG"},
        {"wallet": " LVeGJhx67xwVqL1jYDCbquduaYNHRWsh3y"},
        {"wallet": " LVkuoYH4jt9uM6gMmifgj6T93jqapboae7"},
        {"wallet": " LPcWG8cVhteAeD3t2ftnkgGF5XAUAXmv4Z"},
        {"wallet": " LbNb166EQmDv9uyXveiRyhCUu9Jz4Kan74"},
        {"wallet": " LgfvRCmEaftGp2KTe3EkLC1ru8YtBzXM2W"},
        {"wallet": " LLwKLF6q8T2rTfFepaow16RVJDtmB1EQkh"},
        {"wallet": " LLXiVtWirquPjEXARYPNu7ymRhd2VGXeAw"},
        {"wallet": " LNeuEoKw7EPvt1nYceE4aUSx9ydRL68sU3"},
        {"wallet": " Ler7dPJNjPFKcke3cX3vgz8rLirYa9ca6f"},
        {"wallet": " LfeYykzjxQqPsKuE8ozRkjNqmr34CkJ8fH"},
        {"wallet": " LZFLva1hh1EeMdj1nf5sMx2jDLAgsabbSE"},
        {"wallet": " LPm8uGbmv6qKtxcPtsUwAKJUkXveKYs11Z"},
        {"wallet": " LdCg2gd4etGJ13oA4HHWaBeT3UtvTBUvSV"},
        {"wallet": " LVUumJXr6WweNKD54t8yER4AuwzuYgMTfT"},
        {"wallet": " LNurtU2TGFemLrcew5SwCew1zEmsQYJxe6"},
        {"wallet": " LhHHDnDYyQyQEX51oaFXBouper2SNvZVZQ"},
        {"wallet": " LZz8o5Uqm1cczLqUmYA2sK41pgbKxuVNMr"},
        {"wallet": " LUp3NFoEeYVRcYVnFeUERZWKXAPpYHesHU"},
        {"wallet": " LXyA62PGEeJPAbGTkkNEtfNrNwbQBsMLG2"},
        {"wallet": " LX9tcBguL5cRxtCBaUexEjUPh7LCnxRWE3"},
        {"wallet": " LbCSqr6hdGzFmVwM8b761Lc6a7T5eF5o9y"},
        {"wallet": " LLsBnPsoKe26j6qAu3p66K3U9UcDCd82io"},
        {"wallet": " LSq8GxyRWbw73P2gJazXCBLNq3hH9fcn2C"},
        {"wallet": " LgfyTvMJH8n3P7hcqv4q8oyWp3vsgeVhG1"},
        {"wallet": " Le7U7HszBSPf8QE7PU4JVndUmiauVKYCZK"},
        {"wallet": " LfaDqs75QfCaa6NVhbPRBSL7qmN3KqTiXg"},
        {"wallet": " LWa6XL42MbcF7Bj7fDJfT2dc1g58p1ANfn"}
    ]
}